{"cameraMode":{"drawMode":0,"name":"Shaded","section":"Shading Mode"},"sceneLighting":false,"audioPlay":false,"sceneViewState":{"showFog":true,"showMaterialUpdate":false,"showSkybox":false,"showFlares":true,"showImageEffects":true,"showParticleSystems":true},"in2DMode":false,"pivot":{"x":-8.114767074584961,"y":139.29043579101563,"z":496.3948059082031},"rotation":{"x":-0.06804218888282776,"y":0.9318543672561646,"z":-0.24471254646778108,"w":-0.2591015696525574},"size":22.0,"orthographic":false}