{"cameraMode":{"drawMode":0,"name":"Shaded","section":"Shading Mode"},"sceneLighting":false,"audioPlay":false,"sceneViewState":{"showFog":true,"showMaterialUpdate":false,"showSkybox":false,"showFlares":true,"showImageEffects":true,"showParticleSystems":true},"in2DMode":false,"pivot":{"x":-144.32618713378907,"y":53.92900085449219,"z":-332.04248046875},"rotation":{"x":0.625066876411438,"y":0.011701181530952454,"z":-0.009377148933708668,"w":0.7804235816001892},"size":23.39278793334961,"orthographic":false}