{"cameraMode":{"drawMode":0,"name":"Shaded","section":"Shading Mode"},"sceneLighting":false,"audioPlay":false,"sceneViewState":{"showFog":true,"showMaterialUpdate":false,"showSkybox":false,"showFlares":true,"showImageEffects":true,"showParticleSystems":true},"in2DMode":false,"pivot":{"x":495.8960266113281,"y":41.77989959716797,"z":438.9179992675781},"rotation":{"x":0.05239075794816017,"y":0.8447604775428772,"z":-0.08417319506406784,"w":0.525865912437439},"size":2.8578836917877199,"orthographic":false}